"Time (s)","Magnetic Field x (µT)","Magnetic Field y (µT)","Magnetic Field z (µT)","Absolute field (µT)"
0.000000000E0,1.576790161E2,3.631954575E1,-3.186061096E1,1.649147660E2
1.000000000E-2,1.566049347E2,3.451295090E1,-3.168406677E1,1.634629299E2
2.000000000E-2,1.587373047E2,3.737583542E1,-3.293550110E1,1.663707673E2
3.000000000E-2,1.584309082E2,3.633375168E1,-3.217362976E1,1.656974250E2
4.000000000E-2,1.576784058E2,3.735062027E1,-3.321897888E1,1.654117560E2
5.000000000E-2,1.563059845E2,3.598253250E1,-3.319007874E1,1.637921999E2
6.000000000E-2,1.593186493E2,3.530683517E1,-3.293486023E1,1.664743513E2
7.000000000E-2,1.578204956E2,3.616744614E1,-3.276441956E1,1.651935234E2
8.000000000E-2,1.578204956E2,3.616744614E1,-3.276441956E1,1.651935234E2
9.000000000E-2,1.585820923E2,3.648465347E1,-3.232716370E1,1.659049591E2
1.000000000E-1,1.575127411E2,3.645055771E1,-3.381340027E1,1.651734022E2
1.100000000E-1,1.575220337E2,3.586896896E1,-3.200627136E1,1.646941876E2
1.200000000E-1,1.573663177E2,3.674583054E1,-3.366209412E1,1.650683210E2
1.300000000E-1,1.585621033E2,3.558342361E1,-3.352543640E1,1.659279227E2
1.400000000E-1,1.582642212E2,3.558018875E1,-3.306947327E1,1.655509094E2
1.500000000E-1,1.578087463E2,3.615745163E1,-3.411750793E1,1.654538186E2
1.600000000E-1,1.567711639E2,3.570826340E1,-3.139183044E1,1.638222358E2
1.700000000E-1,1.577964783E2,3.452591324E1,-3.350788879E1,1.649683177E2
1.800000000E-1,1.581213989E2,3.705748367E1,-3.397657776E1,1.659217940E2
1.900000000E-1,1.570736542E2,3.674702835E1,-3.260475159E1,1.645768719E2
2.000000000E-1,1.591728058E2,3.589733505E1,-3.308573914E1,1.664910415E2
2.100000000E-1,1.585684662E2,3.617831802E1,-3.352842712E1,1.660631946E2
2.200000000E-1,1.576561432E2,3.526847458E1,-3.320848083E1,1.649306763E2
2.300000000E-1,1.587287903E2,3.633698654E1,-3.262956238E1,1.660719537E2
2.400000000E-1,1.584388580E2,3.707737350E1,-3.217738342E1,1.658703933E2
2.500000000E-1,1.575148926E2,3.689450455E1,-3.411631775E1,1.653362301E2
2.600000000E-1,1.571948700E2,3.554609299E1,-3.455570984E1,1.648267241E2
2.700000000E-1,1.555452423E2,3.610817337E1,-3.408058167E1,1.632777040E2
2.800000000E-1,1.575285645E2,3.587451553E1,-3.125453186E1,1.645572096E2
2.900000000E-1,1.572131042E2,3.688793564E1,-3.411140442E1,1.650462597E2
3.000000000E-1,1.585593414E2,3.617055130E1,-3.458085632E1,1.662684852E2
3.100000000E-1,1.581143036E2,3.675670242E1,-3.442613220E1,1.659407929E2
3.200000000E-1,1.576724854E2,3.631399155E1,-3.261235046E1,1.650541851E2
3.300000000E-1,1.582577057E2,3.557463455E1,-3.382121277E1,1.656952940E2
3.400000000E-1,1.566009827E2,3.583593369E1,-3.379563904E1,1.641652434E2
3.500000000E-1,1.567692566E2,3.673823929E1,-3.290052795E1,1.643433685E2
3.600000000E-1,1.573851624E2,3.705659866E1,-3.185945129E1,1.647977714E2
3.700000000E-1,1.588773651E2,3.648567581E1,-3.308381653E1,1.663362877E2
3.800000000E-1,1.568995972E2,3.554506302E1,-3.379905701E1,1.643876861E2
3.900000000E-1,1.576561432E2,3.526847458E1,-3.320848083E1,1.649306763E2
4.000000000E-1,1.570708923E2,3.733415604E1,-3.366017151E1,1.649184998E2
4.100000000E-1,1.573818207E2,3.734849167E1,-3.261265564E1,1.650076744E2
4.200000000E-1,1.570727997E2,3.630418777E1,-3.215147400E1,1.643884903E2
4.300000000E-1,1.591696320E2,3.559989548E1,-3.308424377E1,1.664238309E2
4.400000000E-1,1.578113556E2,3.615967178E1,-3.381681824E1,1.653950514E2
4.500000000E-1,1.576587524E2,3.527069473E1,-3.290779114E1,1.648733661E2
4.600000000E-1,1.591752472E2,3.648891068E1,-3.353977966E1,1.667126772E2
4.700000000E-1,1.582705841E2,3.617508316E1,-3.307246399E1,1.656864578E2
4.800000000E-1,1.581220093E2,3.602639389E1,-3.261820984E1,1.654219408E2
4.900000000E-1,1.585803375E2,3.692527390E1,-3.308113098E1,1.661492116E2
5.000000000E-1,1.585803375E2,3.692527390E1,-3.308113098E1,1.661492116E2
5.100000000E-1,1.585803375E2,3.692527390E1,-3.308113098E1,1.661492116E2
5.200000000E-1,1.585803375E2,3.692527390E1,-3.308113098E1,1.661492116E2
5.300000000E-1,1.585803375E2,3.692527390E1,-3.308113098E1,1.661492116E2
5.400000000E-1,1.576609039E2,3.571464920E1,-3.321070862E1,1.650316575E2
5.500000000E-1,1.578348083E2,3.750597000E1,-3.277116394E1,1.655067180E2
5.600000000E-1,1.584113312E2,3.631709671E1,-3.442878723E1,1.661277302E2
5.700000000E-1,1.581136017E2,3.572450638E1,-3.321809387E1,1.654678010E2
5.800000000E-1,1.572142792E2,3.615208817E1,-3.305525208E1,1.646692222E2
5.900000000E-1,1.572234192E2,3.615985489E1,-3.200285339E1,1.644716428E2
6.000000000E-1,1.576510315E2,3.600099564E1,-3.471568298E1,1.653937667E2
6.100000000E-1,1.582555389E2,3.513067245E1,-3.351826477E1,1.655368655E2
6.200000000E-1,1.575218811E2,3.645833206E1,-3.276100159E1,1.649716225E2
6.300000000E-1,1.573591003E2,3.570808029E1,-3.320579529E1,1.647409430E2
6.400000000E-1,1.575063782E2,3.585564804E1,-3.381040955E1,1.650364519E2
6.500000000E-1,1.584146729E2,3.602519608E1,-3.367558289E1,1.659128332E2
6.600000000E-1,1.573617249E2,3.571030045E1,-3.290513611E1,1.646835936E2
6.700000000E-1,1.590182800E2,3.603833389E1,-3.368540955E1,1.664940891E2
6.800000000E-1,1.585723877E2,3.618165207E1,-3.307740784E1,1.659771942E2
6.900000000E-1,1.578141327E2,3.557255173E1,-3.276142883E1,1.650576206E2
7.000000000E-1,1.590396729E2,3.767763901E1,-3.324259949E1,1.667881664E2
7.100000000E-1,1.576732178E2,3.601987076E1,-3.215980530E1,1.649015699E2
7.200000000E-1,1.596327209E2,3.694493484E1,-3.354942322E1,1.672515997E2
7.300000000E-1,1.584126740E2,3.499189377E1,-3.261787415E1,1.654778946E2
7.400000000E-1,1.578387604E2,3.618297958E1,-3.065959167E1,1.648098688E2
7.500000000E-1,1.587131348E2,3.632366562E1,-3.443370056E1,1.664179905E2
7.600000000E-1,1.581102600E2,3.601640701E1,-3.397132874E1,1.656806780E2
7.700000000E-1,1.576575623E2,3.600654984E1,-3.396394348E1,1.652450545E2
7.800000000E-1,1.585718079E2,3.588641739E1,-3.277522278E1,1.658525503E2
7.900000000E-1,1.582577057E2,3.557463455E1,-3.382121277E1,1.656952940E2
8.000000000E-1,1.566073456E2,3.643084335E1,-3.379862976E1,1.643028132E2
8.100000000E-1,1.572105408E2,3.555941391E1,-3.275157166E1,1.644758082E2
8.200000000E-1,1.573740387E2,3.601552200E1,-3.185420227E1,1.645551460E2
8.300000000E-1,1.585867004E2,3.752017593E1,-3.308415222E1,1.662891045E2
8.400000000E-1,1.584055328E2,3.601742172E1,-3.472798157E1,1.661192349E2
8.500000000E-1,1.582634888E2,3.587429428E1,-3.352201843E1,1.657046245E2
8.600000000E-1,1.572168884E2,3.615430832E1,-3.275456238E1,1.646121058E2
8.700000000E-1,1.567632141E2,3.496464157E1,-3.138807678E1,1.636534229E2
8.800000000E-1,1.576687012E2,3.704762650E1,-3.396919250E1,1.654867125E2
8.900000000E-1,1.574978638E2,3.481679916E1,-3.350447083E1,1.647432431E2
9.000000000E-1,1.591911469E2,3.797616196E1,-3.354728699E1,1.670611582E2
9.100000000E-1,1.572091827E2,3.688460922E1,-3.456245422E1,1.651355951E2
9.200000000E-1,1.584412994E2,3.766894150E1,-3.263139343E1,1.660945585E2
9.300000000E-1,1.566106873E2,3.613894272E1,-3.304542542E1,1.640881796E2
9.400000000E-1,1.590190125E2,3.574421310E1,-3.323286438E1,1.663403690E2
9.500000000E-1,1.576732178E2,3.601987076E1,-3.215980530E1,1.649015699E2
9.600000000E-1,1.570662842E2,3.629863358E1,-3.290321350E1,1.645297234E2
9.700000000E-1,1.576587524E2,3.527069473E1,-3.290779114E1,1.648733661E2
9.800000000E-1,1.587341309E2,3.707838821E1,-3.293400574E1,1.663008716E2
9.900000000E-1,1.593383026E2,3.738676071E1,-3.324601746E1,1.670082700E2
1.000000000E0,1.587203827E2,3.603509140E1,-3.322944641E1,1.661170786E2
1.010000000E0,1.573551941E2,3.570475388E1,-3.365684509E1,1.648280006E2
1.020000000E0,1.582855072E2,3.648252487E1,-3.172087097E1,1.655037464E2
1.030000000E0,1.585658569E2,3.617609787E1,-3.382911682E1,1.661211913E2
1.040000000E0,1.572091827E2,3.688460922E1,-3.456245422E1,1.651355951E2
1.050000000E0,1.585561523E2,3.587309647E1,-3.457933044E1,1.662006696E2
1.060000000E0,1.572234192E2,3.615985489E1,-3.200285339E1,1.644716428E2
1.070000000E0,1.570801849E2,3.675258255E1,-3.185301208E1,1.644370737E2
1.080000000E0,1.576569977E2,3.571132278E1,-3.366175842E1,1.651185679E2
1.090000000E0,1.591752472E2,3.648891068E1,-3.353977966E1,1.667126772E2
1.100000000E0,1.575396881E2,3.691559219E1,-3.125978088E1,1.647989326E2
1.110000000E0,1.585658569E2,3.617609787E1,-3.382911682E1,1.661211913E2
1.120000000E0,1.582797241E2,3.618284988E1,-3.202006531E1,1.654900428E2
1.130000000E0,1.587132874E2,3.573431778E1,-3.367900085E1,1.661358605E2
1.140000000E0,1.588676605E2,3.618266678E1,-3.383403015E1,1.664117199E2
1.150000000E0,1.570696259E2,3.600673294E1,-3.214997864E1,1.643197289E2
1.160000000E0,1.581225739E2,3.632162857E1,-3.292042542E1,1.655468619E2
1.170000000E0,1.562948608E2,3.494146347E1,-3.318482971E1,1.635549520E2
1.180000000E0,1.581108704E2,3.498532486E1,-3.261296082E1,1.651866384E2
1.190000000E0,1.570710449E2,3.674480820E1,-3.290544128E1,1.646337212E2
1.200000000E0,1.576790161E2,3.631954575E1,-3.186061096E1,1.649147660E2
1.210000000E0,1.573883362E2,3.735404587E1,-3.186094666E1,1.648682293E2
1.220000000E0,1.587374725E2,3.678649521E1,-3.218080139E1,1.660916476E2
1.230000000E0,1.581390533E2,3.810410690E1,-3.323011780E1,1.660244677E2
1.240000000E0,1.573858948E2,3.676247787E1,-3.140693665E1,1.646456660E2
1.250000000E0,1.582674103E2,3.587762833E1,-3.307096863E1,1.656184360E2
1.260000000E0,1.584258118E2,3.706627274E1,-3.368083191E1,1.661536784E2
1.270000000E0,1.581199646E2,3.631940842E1,-3.322111511E1,1.656039405E2
1.280000000E0,1.576543884E2,3.570910263E1,-3.396244812E1,1.651771597E2
1.290000000E0,1.582771149E2,3.618062973E1,-3.232075500E1,1.655455051E2
1.300000000E0,1.570761414E2,3.601227951E1,-3.139826965E1,1.641817584E2
1.310000000E0,1.572174683E2,3.644954300E1,-3.305674744E1,1.647381257E2
1.320000000E0,1.573680725E2,3.630520248E1,-3.290812683E1,1.648202742E2
1.330000000E0,1.575153503E2,3.645277786E1,-3.351271057E1,1.651150883E2
1.340000000E0,1.585755615E2,3.647910690E1,-3.307890320E1,1.660456196E2
1.350000000E0,1.581194000E2,3.602417374E1,-3.291893005E1,1.654785234E2
1.360000000E0,1.578180542E2,3.557587814E1,-3.231037903E1,1.649731552E2
1.370000000E0,1.572222290E2,3.689570999E1,-3.305900574E1,1.648424113E2
1.380000000E0,1.573825531E2,3.705437851E1,-3.216014099E1,1.648531761E2
1.390000000E0,1.576901398E2,3.736061478E1,-3.186585999E1,1.651587986E2
1.400000000E0,1.575266418E2,3.690449905E1,-3.276325989E1,1.650757891E2
1.410000000E0,1.561514587E2,3.612353897E1,-3.378974915E1,1.637984593E2
1.420000000E0,1.566035919E2,3.583815384E1,-3.349494934E1,1.641065809E2
1.430000000E0,1.590259857E2,3.530803299E1,-3.187748718E1,1.659882391E2
1.440000000E0,1.584269867E2,3.633041763E1,-3.262464905E1,1.657811120E2
1.450000000E0,1.581435852E2,3.707635117E1,-3.142073059E1,1.654427746E2
1.460000000E0,1.593363037E2,3.635346603E1,-3.218836975E1,1.665704755E2
1.470000000E0,1.582953796E2,3.619617081E1,-3.021592712E1,1.651683754E2
1.480000000E0,1.582737732E2,3.647253799E1,-3.307395935E1,1.657550002E2
1.490000000E0,1.582530975E2,3.453910446E1,-3.306422424E1,1.653185880E2
1.500000000E0,1.581194000E2,3.602417374E1,-3.291893005E1,1.654785234E2
1.510000000E0,1.569139099E2,3.688357925E1,-3.380580139E1,1.646973156E2
1.520000000E0,1.585691986E2,3.588419724E1,-3.307588196E1,1.659092533E2
1.530000000E0,1.567533569E2,3.525098801E1,-3.289302063E1,1.640006033E2
1.540000000E0,1.585638580E2,3.514279556E1,-3.277146912E1,1.656848887E2
1.550000000E0,1.573728485E2,3.675137711E1,-3.291038513E1,1.649241359E2
1.560000000E0,1.561520233E2,3.641877365E1,-3.409193420E1,1.639269393E2
1.570000000E0,1.584328918E2,3.736704636E1,-3.323127747E1,1.661372781E2
1.580000000E0,1.581128693E2,3.601862717E1,-3.367063904E1,1.656222596E2
1.590000000E0,1.575058136E2,3.556042862E1,-3.350822449E1,1.649103590E2
1.600000000E0,1.585568848E2,3.557898331E1,-3.412678528E1,1.660445339E2
1.610000000E0,1.576698761E2,3.631177139E1,-3.291304016E1,1.651108803E2
1.620000000E0,1.584271545E2,3.574106979E1,-3.186991882E1,1.655061301E2
1.630000000E0,1.566186371E2,3.688256454E1,-3.304914856E1,1.642618862E2
1.640000000E0,1.573569489E2,3.526412582E1,-3.290287781E1,1.645824027E2
1.650000000E0,1.572157135E2,3.689015579E1,-3.381071472E1,1.649873589E2
1.660000000E0,1.582720032E2,3.691315079E1,-3.382795715E1,1.660028264E2
1.670000000E0,1.585686340E2,3.558897781E1,-3.277372742E1,1.657851147E2
1.680000000E0,1.578080139E2,3.645158005E1,-3.457005310E1,1.656115199E2
1.690000000E0,1.569022064E2,3.554728317E1,-3.349836731E1,1.643290976E2
1.700000000E0,1.587315216E2,3.707616806E1,-3.323469543E1,1.663576965E2
1.710000000E0,1.582693939E2,3.691093063E1,-3.412861633E1,1.660613751E2
1.720000000E0,1.585764160E2,3.692193985E1,-3.353218079E1,1.662351242E2
1.730000000E0,1.572111053E2,3.585463333E1,-3.305375671E1,1.646008421E2
1.740000000E0,1.578323669E2,3.691439438E1,-3.231712341E1,1.652819562E2
1.750000000E0,1.570775757E2,3.675036240E1,-3.215373230E1,1.644926029E2
1.760000000E0,1.584452209E2,3.767227554E1,-3.218037415E1,1.660110384E2
1.770000000E0,1.572200775E2,3.645176315E1,-3.275608826E1,1.646810406E2
1.780000000E0,1.581160583E2,3.631608200E1,-3.367216492E1,1.656905562E2
1.790000000E0,1.561508942E2,3.582830429E1,-3.348759460E1,1.636709752E2
1.800000000E0,1.576752167E2,3.705317307E1,-3.321748352E1,1.653415036E2
1.810000000E0,1.591871185E2,3.723586655E1,-3.309248352E1,1.667997630E2
1.820000000E0,1.585686340E2,3.558897781E1,-3.277372742E1,1.657851147E2
1.830000000E0,1.569061279E2,3.555061722E1,-3.304734802E1,1.642422192E2
1.840000000E0,1.573654633E2,3.630298233E1,-3.320881653E1,1.648775941E2
1.850000000E0,1.578244019E2,3.617077255E1,-3.231336975E1,1.651091169E2
1.860000000E0,1.582674103E2,3.587762833E1,-3.307096863E1,1.656184360E2
1.870000000E0,1.582634888E2,3.587429428E1,-3.352201843E1,1.657046245E2
1.880000000E0,1.576732178E2,3.601987076E1,-3.215980530E1,1.649015699E2
1.890000000E0,1.569221954E2,3.644851303E1,-3.230009460E1,1.643057079E2
1.900000000E0,1.567475586E2,3.495132065E1,-3.319221497E1,1.639912043E2
1.910000000E0,1.573706818E2,3.630742264E1,-3.260740662E1,1.647634771E2
1.920000000E0,1.567547760E2,3.598906326E1,-3.364851379E1,1.643152304E2
1.930000000E0,1.563117828E2,3.628220749E1,-3.289091492E1,1.638034930E2
1.940000000E0,1.591454468E2,3.454771042E1,-3.458244324E1,1.664835214E2
1.950000000E0,1.591454468E2,3.454771042E1,-3.458244324E1,1.664835214E2
1.960000000E0,1.591454468E2,3.454771042E1,-3.458244324E1,1.664835214E2
1.970000000E0,1.591454468E2,3.454771042E1,-3.458244324E1,1.664835214E2
1.980000000E0,1.591454468E2,3.454771042E1,-3.458244324E1,1.664835214E2
1.990000000E0,1.570716248E2,3.704003525E1,-3.320762634E1,1.647610572E2
2.000000000E0,1.584134827E2,3.676105118E1,-3.473173523E1,1.662904080E2
2.010000000E0,1.585691986E2,3.588419724E1,-3.307588196E1,1.659092533E2
2.020000000E0,1.570630951E2,3.600117874E1,-3.290171814E1,1.644610099E2
2.030000000E0,1.575188599E2,3.557152939E1,-3.200477600E1,1.646263363E2
2.040000000E0,1.585829468E2,3.692749405E1,-3.278047180E1,1.660925951E2
2.050000000E0,1.584317627E2,3.677659225E1,-3.262687683E1,1.658844606E2
2.060000000E0,1.578193054E2,3.690329361E1,-3.382057190E1,1.655675612E2
2.070000000E0,1.572135468E2,3.644620895E1,-3.350779724E1,1.648247491E2
2.080000000E0,1.581245728E2,3.735493088E1,-3.397807312E1,1.659918095E2
2.090000000E0,1.578270264E2,3.617299271E1,-3.201268005E1,1.650535287E2
2.100000000E0,1.576581726E2,3.497546768E1,-3.260557556E1,1.647498294E2
2.110000000E0,1.566041565E2,3.613338852E1,-3.379713440E1,1.642337660E2
2.120000000E0,1.573728485E2,3.675137711E1,-3.291038513E1,1.649241359E2
2.130000000E0,1.578049927E2,3.556477737E1,-3.381382751E1,1.652593236E2
2.140000000E0,1.570532227E2,3.628753281E1,-3.440666199E1,1.648220804E2
2.150000000E0,1.560082245E2,3.671626663E1,-3.363996887E1,1.637629319E2
2.160000000E0,1.581199646E2,3.631940842E1,-3.322111511E1,1.656039405E2
2.170000000E0,1.581143036E2,3.675670242E1,-3.442613220E1,1.659407929E2
2.180000000E0,1.570662842E2,3.629863358E1,-3.290321350E1,1.645297234E2
2.190000000E0,1.576790161E2,3.631954575E1,-3.186061096E1,1.649147660E2
2.200000000E0,1.582823334E2,3.618507004E1,-3.171937561E1,1.654351086E2
2.210000000E0,1.582529297E2,3.512845230E1,-3.381895447E1,1.655950470E2
2.220000000E0,1.581253510E2,3.573450089E1,-3.186500549E1,1.652148896E2
2.230000000E0,1.575114746E2,3.512312698E1,-3.230320740E1,1.645812744E2
2.240000000E0,1.581128693E2,3.601862717E1,-3.367063904E1,1.656222596E2
2.250000000E0,1.578210602E2,3.646268082E1,-3.306660461E1,1.653191292E2
2.260000000E0,1.576811829E2,3.676350021E1,-3.216355896E1,1.650739377E2
2.270000000E0,1.581162109E2,3.572672653E1,-3.291743469E1,1.654106788E2
2.280000000E0,1.582646332E2,3.646476364E1,-3.412638855E1,1.659577763E2
2.290000000E0,1.578270264E2,3.617299271E1,-3.201268005E1,1.650535287E2
2.300000000E0,1.581271057E2,3.529387283E1,-3.111100769E1,1.649779798E2
2.310000000E0,1.570807495E2,3.704780960E1,-3.215522766E1,1.645626347E2
2.320000000E0,1.563080292E2,3.568952560E1,-3.258720398E1,1.636088876E2
2.330000000E0,1.578210602E2,3.646268082E1,-3.306660461E1,1.653191292E2
2.340000000E0,1.576667023E2,3.601431656E1,-3.291154480E1,1.650423878E2
2.350000000E0,1.572079163E2,3.555719376E1,-3.305226135E1,1.645329601E2
2.360000000E0,1.563243408E2,3.806135941E1,-3.365162659E1,1.643727428E2
2.370000000E0,1.575089874E2,3.585786819E1,-3.350971985E1,1.649780869E2
2.380000000E0,1.578258362E2,3.690884781E1,-3.306883240E1,1.654231099E2
2.390000000E0,1.572040100E2,3.555385971E1,-3.350331116E1,1.646197119E2
2.400000000E0,1.567559509E2,3.525320816E1,-3.259233093E1,1.639435173E2
2.410000000E0,1.573589478E2,3.629743576E1,-3.396052551E1,1.650232092E2
2.420000000E0,1.578212280E2,3.587331772E1,-3.231187439E1,1.650408803E2
2.430000000E0,1.593239899E2,3.604823685E1,-3.323927307E1,1.666987055E2
2.440000000E0,1.582993774E2,3.826277542E1,-3.233125305E1,1.660362695E2
2.450000000E0,1.576724854E2,3.631399155E1,-3.261235046E1,1.650541851E2
2.460000000E0,1.570839386E2,3.734525681E1,-3.215672302E1,1.646331887E2
2.470000000E0,1.573668976E2,3.704105759E1,-3.396427917E1,1.651967090E2
2.480000000E0,1.575095520E2,3.615310287E1,-3.381190491E1,1.651046660E2
2.490000000E0,1.570768433E2,3.704447556E1,-3.260624695E1,1.646468803E2
2.500000000E0,1.569182739E2,3.644518661E1,-3.275114441E1,1.643904918E2
2.510000000E0,1.588678284E2,3.559332657E1,-3.307929993E1,1.661328139E2
2.520000000E0,1.576687012E2,3.704762650E1,-3.396919250E1,1.654867125E2
2.530000000E0,1.582954559E2,3.825944901E1,-3.278230286E1,1.661201860E2
2.540000000E0,1.575305634E2,3.690782547E1,-3.231221008E1,1.649913479E2
2.550000000E0,1.573617249E2,3.571030045E1,-3.290513611E1,1.646835936E2
2.560000000E0,1.590156708E2,3.603611374E1,-3.398609924E1,1.665522140E2
2.570000000E0,1.569065247E2,3.643519211E1,-3.410423279E1,1.646519948E2
2.580000000E0,1.566186371E2,3.688256454E1,-3.304914856E1,1.642618862E2
2.590000000E0,1.581162109E2,3.572672653E1,-3.291743469E1,1.654106788E2
2.600000000E0,1.581331329E2,3.706747055E1,-3.262345886E1,1.656634395E2
2.610000000E0,1.585652924E2,3.588086319E1,-3.352693176E1,1.659953115E2
2.620000000E0,1.567443848E2,3.465386581E1,-3.319071960E1,1.639247280E2
2.630000000E0,1.576889648E2,3.809646988E1,-3.292204285E1,1.655325091E2
2.640000000E0,1.573797760E2,3.764150620E1,-3.321556091E1,1.651924646E2
2.650000000E0,1.576372986E2,3.495770645E1,-3.501112366E1,1.652190604E2
2.660000000E0,1.575089874E2,3.585786819E1,-3.350971985E1,1.649780869E2
2.670000000E0,1.573615570E2,3.629965591E1,-3.365983582E1,1.649645695E2
2.680000000E0,1.575058136E2,3.556042862E1,-3.350822449E1,1.649103590E2
2.690000000E0,1.585868530E2,3.693082047E1,-3.232942200E1,1.660086353E2
2.700000000E0,1.581271820E2,3.735715103E1,-3.367741394E1,1.659335127E2
2.710000000E0,1.566043243E2,3.554404831E1,-3.304240417E1,1.639514997E2
2.720000000E0,1.576726532E2,3.572464371E1,-3.185762024E1,1.647781044E2
2.730000000E0,1.581182098E2,3.676003647E1,-3.397508240E1,1.658522680E2
2.740000000E0,1.587092590E2,3.499402237E1,-3.322419739E1,1.658826627E2
2.750000000E0,1.576746521E2,3.675794601E1,-3.291529846E1,1.652145859E2
2.760000000E0,1.578219147E2,3.690551376E1,-3.351988220E1,1.655093840E2
2.770000000E0,1.569119110E2,3.585027695E1,-3.274815369E1,1.642529505E2
2.780000000E0,1.575010376E2,3.511424637E1,-3.350596619E1,1.648096991E2
2.790000000E0,1.582511749E2,3.556908798E1,-3.457292175E1,1.658429417E2
2.800000000E0,1.585612488E2,3.514057541E1,-3.307215881E1,1.657416584E2
2.810000000E0,1.591877289E2,3.620477676E1,-3.173411560E1,1.663086678E2
2.820000000E0,1.587170410E2,3.632699966E1,-3.398268127E1,1.663297106E2
2.830000000E0,1.584386902E2,3.766672134E1,-3.293208313E1,1.661509029E2
2.840000000E0,1.573706818E2,3.630742264E1,-3.260740662E1,1.647634771E2
2.850000000E0,1.576790161E2,3.631954575E1,-3.186061096E1,1.649147660E2
2.860000000E0,1.582700195E2,3.587984848E1,-3.277030945E1,1.655616374E2
2.870000000E0,1.568968201E2,3.613219070E1,-3.485444641E1,1.647330561E2
2.880000000E0,1.572287598E2,3.690125656E1,-3.230726624E1,1.647007744E2
2.890000000E0,1.569053955E2,3.584472275E1,-3.349989319E1,1.643970503E2
2.900000000E0,1.570500488E2,3.599007797E1,-3.440516663E1,1.647535099E2
2.910000000E0,1.567579498E2,3.628651810E1,-3.365000916E1,1.643839692E2
2.920000000E0,1.572135468E2,3.644620895E1,-3.350779724E1,1.648247491E2
2.930000000E0,1.584238129E2,3.603296280E1,-3.262312317E1,1.657128452E2
2.940000000E0,1.593200684E2,3.604491043E1,-3.369032288E1,1.667847643E2
2.950000000E0,1.561572571E2,3.642321396E1,-3.349058533E1,1.638089093E2
2.960000000E0,1.590281372E2,3.575198746E1,-3.218046570E1,1.661437191E2
2.970000000E0,1.575123291E2,3.556598282E1,-3.275648499E1,1.647666843E2
2.980000000E0,1.576764069E2,3.631732559E1,-3.216133118E1,1.649701447E2
2.990000000E0,1.585764160E2,3.692193985E1,-3.353218079E1,1.662351242E2
3.000000000E0,1.584277191E2,3.603629684E1,-3.217213440E1,1.656291131E2
3.010000000E0,1.582653198E2,3.749695206E1,-3.533439636E1,1.664405372E2
3.020000000E0,1.585658569E2,3.617609787E1,-3.382911682E1,1.661211913E2
3.030000000E0,1.588833160E2,3.619598770E1,-3.202992249E1,1.660721939E2
3.040000000E0,1.578061829E2,3.482892227E1,-3.275767517E1,1.648906015E2
3.050000000E0,1.591720734E2,3.619145584E1,-3.353828430E1,1.666444926E2
3.060000000E0,1.572248383E2,3.689793015E1,-3.275831604E1,1.647853582E2
3.070000000E0,1.578236694E2,3.646490097E1,-3.276591492E1,1.652622305E2
3.080000000E0,1.578348083E2,3.750597000E1,-3.277116394E1,1.655067180E2
3.090000000E0,1.567581177E2,3.569716263E1,-3.289527893E1,1.641020849E2
3.100000000E0,1.570585022E2,3.496566391E1,-3.214472961E1,1.640830717E2
3.110000000E0,1.582817078E2,3.721615982E1,-3.307771301E1,1.659285288E2
3.120000000E0,1.581102600E2,3.601640701E1,-3.397132874E1,1.656806780E2
3.130000000E0,1.570630951E2,3.600117874E1,-3.290171814E1,1.644610099E2
3.140000000E0,1.582848969E2,3.751360703E1,-3.307923889E1,1.659988413E2
3.150000000E0,1.573446350E2,3.495891190E1,-3.395378113E1,1.647189089E2
3.160000000E0,1.570482178E2,3.436742020E1,-3.259275818E1,1.640352101E2
3.170000000E0,1.572079163E2,3.555719376E1,-3.305226135E1,1.645329601E2
3.180000000E0,1.588565369E2,3.514159012E1,-3.382878113E1,1.661767646E2
3.190000000E0,1.582562714E2,3.483655930E1,-3.306571960E1,1.653843254E2
3.200000000E0,1.569065247E2,3.643519211E1,-3.410423279E1,1.646519948E2
3.210000000E0,1.575075684E2,3.511980057E1,-3.275425720E1,1.646659523E2
3.220000000E0,1.569093018E2,3.584805679E1,-3.304884338E1,1.643101890E2
3.230000000E0,1.585781708E2,3.648132706E1,-3.277821350E1,1.659889597E2
3.240000000E0,1.582746277E2,3.691537094E1,-3.352726746E1,1.659448102E2
3.250000000E0,1.590188446E2,3.633356857E1,-3.398759460E1,1.666201600E2
3.260000000E0,1.573706818E2,3.630742264E1,-3.260740662E1,1.647634771E2
3.270000000E0,1.563322144E2,3.674170303E1,-3.108900452E1,1.635733480E2
3.280000000E0,1.582511749E2,3.556908798E1,-3.457292175E1,1.658429417E2
3.290000000E0,1.570551453E2,3.525755692E1,-3.289796448E1,1.642914789E2
3.300000000E0,1.578081818E2,3.586221695E1,-3.381532288E1,1.653269394E2
3.310000000E0,1.586962128E2,3.498292160E1,-3.472764587E1,1.661755161E2
3.320000000E0,1.567698212E2,3.703346634E1,-3.320271301E1,1.644708929E2
3.330000000E0,1.575123291E2,3.556598282E1,-3.275648499E1,1.647666843E2
3.340000000E0,1.591774139E2,3.693285751E1,-3.384269714E1,1.668736445E2
3.350000000E0,1.573786316E2,3.705104446E1,-3.261116028E1,1.649372649E2
3.360000000E0,1.576635132E2,3.571686935E1,-3.291004944E1,1.649743904E2
3.370000000E0,1.591831970E2,3.723253250E1,-3.354353333E1,1.668853508E2
3.380000000E0,1.587295227E2,3.604286575E1,-3.217704773E1,1.659201975E2
3.390000000E0,1.572168884E2,3.615430832E1,-3.275456238E1,1.646121058E2
3.400000000E0,1.559976654E2,3.597041702E1,-3.393687439E1,1.636485685E2
3.410000000E0,1.573668976E2,3.704105759E1,-3.396427917E1,1.651967090E2
3.420000000E0,1.590274048E2,3.604610062E1,-3.263298035E1,1.662947631E2
3.430000000E0,1.570841064E2,3.675590897E1,-3.140199280E1,1.643547946E2
3.440000000E0,1.570841064E2,3.675590897E1,-3.140199280E1,1.643547946E2
3.450000000E0,1.570841064E2,3.675590897E1,-3.140199280E1,1.643547946E2
3.460000000E0,1.570841064E2,3.675590897E1,-3.140199280E1,1.643547946E2
3.470000000E0,1.570841064E2,3.675590897E1,-3.140199280E1,1.643547946E2
3.480000000E0,1.570841064E2,3.675590897E1,-3.140199280E1,1.643547946E2
3.490000000E0,1.587224274E2,3.574208450E1,-3.262657166E1,1.659361285E2
3.500000000E0,1.576698761E2,3.631177139E1,-3.291304016E1,1.651108803E2
3.510000000E0,1.573472443E2,3.496113205E1,-3.365309143E1,1.646601548E2
3.520000000E0,1.570736542E2,3.674702835E1,-3.260475159E1,1.645768719E2
3.530000000E0,1.578264465E2,3.587775803E1,-3.171049500E1,1.649301556E2
3.540000000E0,1.573772125E2,3.631297684E1,-3.185569763E1,1.646238281E2
3.550000000E0,1.584095001E2,3.469443893E1,-3.261637878E1,1.654119161E2
3.560000000E0,1.578282776E2,3.750041580E1,-3.352290344E1,1.656497252E2
3.570000000E0,1.570657043E2,3.600339890E1,-3.260099792E1,1.644040914E2
3.580000000E0,1.582720032E2,3.691315079E1,-3.382795715E1,1.660028264E2
3.590000000E0,1.576633606E2,3.630622482E1,-3.366477966E1,1.652549383E2
3.600000000E0,1.584180145E2,3.573329544E1,-3.292234802E1,1.657015894E2
3.610000000E0,1.578067627E2,3.512414932E1,-3.305982971E1,1.650140375E2
3.620000000E0,1.576752167E2,3.705317307E1,-3.321748352E1,1.653415036E2
3.630000000E0,1.581225739E2,3.632162857E1,-3.292042542E1,1.655468619E2
3.640000000E0,1.593142853E2,3.574524307E1,-3.398951721E1,1.667754514E2
3.650000000E0,1.584185944E2,3.602852249E1,-3.322453308E1,1.658263401E2
3.660000000E0,1.578076172E2,3.556699753E1,-3.351313782E1,1.652010465E2
3.670000000E0,1.584263000E2,3.529822159E1,-3.141664124E1,1.653235081E2
3.680000000E0,1.570551453E2,3.525755692E1,-3.289796448E1,1.642914789E2
3.690000000E0,1.570747986E2,3.733748245E1,-3.320912170E1,1.648315070E2
3.700000000E0,1.584206238E2,3.573551559E1,-3.262162781E1,1.656450775E2
3.710000000E0,1.582940369E2,3.752137375E1,-3.202680969E1,1.658028110E2
3.720000000E0,1.572045746E2,3.584907913E1,-3.380546570E1,1.647459992E2
3.730000000E0,1.576713104E2,3.704984665E1,-3.366853333E1,1.654282425E2
3.740000000E0,1.578067627E2,3.512414932E1,-3.305982971E1,1.650140375E2
3.750000000E0,1.585743713E2,3.721495438E1,-3.413505554E1,1.664211107E2
3.760000000E0,1.569026184E2,3.643186569E1,-3.455528259E1,1.647415553E2
3.770000000E0,1.591761475E2,3.560544205E1,-3.233250427E1,1.662834455E2
3.780000000E0,1.573551941E2,3.570475388E1,-3.365684509E1,1.648280006E2
3.790000000E0,1.568856964E2,3.509111404E1,-3.484919739E1,1.644961233E2
3.800000000E0,1.559982758E2,3.493933487E1,-3.257853699E1,1.631489511E2
3.810000000E0,1.585868530E2,3.693082047E1,-3.232942200E1,1.660086353E2
3.820000000E0,1.587242584E2,3.736473465E1,-3.443898010E1,1.666600041E2
3.830000000E0,1.582763672E2,3.647475815E1,-3.277330017E1,1.656982366E2
3.840000000E0,1.575337372E2,3.720528030E1,-3.231370544E1,1.650614637E2
3.850000000E0,1.573706818E2,3.630742264E1,-3.260740662E1,1.647634771E2
3.860000000E0,1.585781708E2,3.648132706E1,-3.277821350E1,1.659889597E2
3.870000000E0,1.569093018E2,3.584805679E1,-3.304884338E1,1.643101890E2
3.880000000E0,1.576700439E2,3.572242355E1,-3.215830994E1,1.648335257E2
3.890000000E0,1.575140839E2,3.512534714E1,-3.200251770E1,1.645254928E2
3.900000000E0,1.581160583E2,3.631608200E1,-3.367216492E1,1.656905562E2
3.910000000E0,1.573557587E2,3.599998093E1,-3.395903015E1,1.649546881E2
3.920000000E0,1.587203827E2,3.603509140E1,-3.322944641E1,1.661170786E2
3.930000000E0,1.590124817E2,3.573866653E1,-3.398457336E1,1.664847526E2
3.940000000E0,1.576569977E2,3.571132278E1,-3.366175842E1,1.651185679E2
3.950000000E0,1.584295502E2,3.765895462E1,-3.398451233E1,1.663522357E2
3.960000000E0,1.581199646E2,3.631940842E1,-3.322111511E1,1.656039405E2
3.970000000E0,1.578067627E2,3.512414932E1,-3.305982971E1,1.650140375E2
3.980000000E0,1.566069336E2,3.554626846E1,-3.274174500E1,1.638941449E2
3.990000000E0,1.582674103E2,3.587762833E1,-3.307096863E1,1.656184360E2
4.000000000E0,1.590305939E2,3.634355545E1,-3.263447571E1,1.663628348E2
4.010000000E0,1.572077637E2,3.614653397E1,-3.380699158E1,1.648143366E2
4.020000000E0,1.584432983E2,3.870225143E1,-3.368907166E1,1.665445784E2
4.030000000E0,1.578387146E2,3.750929642E1,-3.232011414E1,1.654224801E2
4.040000000E0,1.569156647E2,3.644296646E1,-3.305183411E1,1.644476797E2
4.050000000E0,1.581182098E2,3.676003647E1,-3.397508240E1,1.658522680E2
4.060000000E0,1.587086945E2,3.469878769E1,-3.292201233E1,1.657598095E2
4.070000000E0,1.569119110E2,3.585027695E1,-3.274815369E1,1.642529505E2
4.080000000E0,1.575121765E2,3.615532303E1,-3.351121521E1,1.650463410E2
4.090000000E0,1.578028412E2,3.512081528E1,-3.351087952E1,1.651005372E2
4.100000000E0,1.588710022E2,3.589076614E1,-3.308082581E1,1.662001308E2
4.110000000E0,1.572157135E2,3.689015579E1,-3.381071472E1,1.649873589E2
4.120000000E0,1.576569977E2,3.571132278E1,-3.366175842E1,1.651185679E2
4.130000000E0,1.588847504E2,3.693406296E1,-3.278538513E1,1.663832034E2
4.140000000E0,1.582603149E2,3.557685471E1,-3.352052307E1,1.656371496E2
4.150000000E0,1.575188599E2,3.557152939E1,-3.200477600E1,1.646263363E2
4.160000000E0,1.585738068E2,3.691971970E1,-3.383287048E1,1.662930576E2
4.170000000E0,1.573557587E2,3.599998093E1,-3.395903015E1,1.649546881E2
4.180000000E0,1.590396729E2,3.767763901E1,-3.324259949E1,1.667881664E2
4.190000000E0,1.562871552E2,3.567176437E1,-3.499275208E1,1.640812065E2
4.200000000E0,1.581225739E2,3.632162857E1,-3.292042542E1,1.655468619E2
4.210000000E0,1.588819733E2,3.752119064E1,-3.384077454E1,1.667228814E2
4.220000000E0,1.570577545E2,3.525977707E1,-3.259724426E1,1.642344984E2
4.230000000E0,1.582705841E2,3.617508316E1,-3.307246399E1,1.656864578E2
4.240000000E0,1.573643341E2,3.571252060E1,-3.260441589E1,1.646267466E2
4.250000000E0,1.584297180E2,3.706959915E1,-3.322978210E1,1.660673031E2
4.260000000E0,1.572071838E2,3.585129929E1,-3.350480652E1,1.646875416E2
4.270000000E0,1.582876740E2,3.692647171E1,-3.202381897E1,1.656625396E2
4.280000000E0,1.575192566E2,3.645611191E1,-3.306166077E1,1.650285966E2
4.290000000E0,1.575233002E2,3.719639969E1,-3.351646423E1,1.652891879E2
4.300000000E0,1.588586884E2,3.558555222E1,-3.413172913E1,1.663351716E2
4.310000000E0,1.575272217E2,3.719973373E1,-3.306541443E1,1.652028069E2
4.320000000E0,1.582672424E2,3.646698380E1,-3.382569885E1,1.658991827E2
4.330000000E0,1.585803375E2,3.692527390E1,-3.308113098E1,1.661492116E2
4.340000000E0,1.570573120E2,3.570151138E1,-3.320088196E1,1.644502835E2
4.350000000E0,1.576790161E2,3.631954575E1,-3.186061096E1,1.649147660E2
4.360000000E0,1.582751923E2,3.721060562E1,-3.382945251E1,1.660725670E2
4.370000000E0,1.588775330E2,3.589631271E1,-3.232908630E1,1.660595844E2
4.380000000E0,1.572202454E2,3.586240005E1,-3.200135803E1,1.644031758E2
4.390000000E0,1.562974701E2,3.494368362E1,-3.288414001E1,1.634971769E2
4.400000000E0,1.576778259E2,3.705539322E1,-3.291679382E1,1.652843437E2
4.410000000E0,1.570573120E2,3.570151138E1,-3.320088196E1,1.644502835E2
4.420000000E0,1.588821411E2,3.693184280E1,-3.308607483E1,1.664397312E2
4.430000000E0,1.566210785E2,3.747413254E1,-3.350321960E1,1.644899345E2
4.440000000E0,1.581116943E2,3.675448227E1,-3.472679138E1,1.660004515E2
4.450000000E0,1.578139648E2,3.616189194E1,-3.351612854E1,1.653368102E2
4.460000000E0,1.584068909E2,3.469221878E1,-3.291709900E1,1.654685122E2
4.470000000E0,1.588838959E2,3.649122238E1,-3.233207703E1,1.661958630E2
4.480000000E0,1.570662842E2,3.629863358E1,-3.290321350E1,1.645297234E2
4.490000000E0,1.585716553E2,3.647577286E1,-3.352995300E1,1.661316033E2
4.500000000E0,1.572280273E2,3.719538498E1,-3.275981140E1,1.648555564E2
4.510000000E0,1.581273499E2,3.676780319E1,-3.292268372E1,1.656503342E2
4.520000000E0,1.593436890E2,3.680186081E1,-3.188990784E1,1.666185896E2
4.530000000E0,1.582648315E2,3.454909134E1,-3.171110535E1,1.650666254E2
4.540000000E0,1.590327454E2,3.678750992E1,-3.293742371E1,1.665220972E2
4.550000000E0,1.569151001E2,3.614773178E1,-3.274964905E1,1.643214735E2
4.560000000E0,1.570677032E2,3.703670883E1,-3.365867615E1,1.648480746E2
4.570000000E0,1.566138611E2,3.643639755E1,-3.304692078E1,1.641572768E2
4.580000000E0,1.559930573E2,3.493489456E1,-3.317991638E1,1.632641651E2
4.590000000E0,1.575188599E2,3.557152939E1,-3.200477600E1,1.646263363E2
4.600000000E0,1.587335510E2,3.678316116E1,-3.263182068E1,1.661751392E2
4.610000000E0,1.573634796E2,3.526968002E1,-3.215113831E1,1.644412075E2
4.620000000E0,1.572105408E2,3.555941391E1,-3.275157166E1,1.644758082E2
4.630000000E0,1.581023102E2,3.527278519E1,-3.396757507E1,1.655122534E2
4.640000000E0,1.559969330E2,3.626453781E1,-3.438945007E1,1.638071857E2
4.650000000E0,1.569085693E2,3.614217758E1,-3.350138855E1,1.644654954E2
4.660000000E0,1.587092590E2,3.499402237E1,-3.322419739E1,1.658826627E2
4.670000000E0,1.578316193E2,3.720852280E1,-3.276966858E1,1.654362276E2
4.680000000E0,1.573543396E2,3.526190567E1,-3.320356750E1,1.646398101E2
4.690000000E0,1.582634888E2,3.587429428E1,-3.352201843E1,1.657046245E2
4.700000000E0,1.570710449E2,3.674480820E1,-3.290544128E1,1.646337212E2
4.710000000E0,1.570636749E2,3.629641342E1,-3.320387268E1,1.645871343E2
4.720000000E0,1.593343048E2,3.532015610E1,-3.113069153E1,1.661446781E2
4.730000000E0,1.581194000E2,3.602417374E1,-3.291893005E1,1.654785234E2
4.740000000E0,1.588741760E2,3.618822098E1,-3.308232117E1,1.662679498E2
4.750000000E0,1.585815125E2,3.618941879E1,-3.202497864E1,1.657810887E2
4.760000000E0,1.567920837E2,3.911561966E1,-3.321321106E1,1.649754728E2
4.770000000E0,1.582614441E2,3.616730881E1,-3.412486267E1,1.658893160E2
4.780000000E0,1.576954803E2,3.810202408E1,-3.217033386E1,1.653921375E2
4.790000000E0,1.597701721E2,3.605253983E1,-3.399839783E1,1.672787631E2
4.800000000E0,1.575240326E2,3.690227890E1,-3.306391907E1,1.651327399E2
4.810000000E0,1.584178467E2,3.632265091E1,-3.367707825E1,1.659810071E2
4.820000000E0,1.582634888E2,3.587429428E1,-3.352201843E1,1.657046245E2
4.830000000E0,1.582614441E2,3.616730881E1,-3.412486267E1,1.658893160E2
4.840000000E0,1.582848969E2,3.751360703E1,-3.307923889E1,1.659988413E2
4.850000000E0,1.575101318E2,3.644833755E1,-3.411408997E1,1.652322428E2
4.860000000E0,1.573740387E2,3.601552200E1,-3.185420227E1,1.645551460E2
4.870000000E0,1.573648987E2,3.600774765E1,-3.290663147E1,1.647516787E2
4.880000000E0,1.593254089E2,3.678631973E1,-3.399476624E1,1.670133629E2
4.890000000E0,1.576700439E2,3.572242355E1,-3.215830994E1,1.648335257E2
4.900000000E0,1.575226135E2,3.616420364E1,-3.230845642E1,1.648182628E2
4.910000000E0,1.575097198E2,3.556376266E1,-3.305717468E1,1.648237539E2
4.920000000E0,1.572105408E2,3.555941391E1,-3.275157166E1,1.644758082E2
4.930000000E0,1.572077637E2,3.614653397E1,-3.380699158E1,1.648143366E2
4.940000000E0,1.575194244E2,3.586674881E1,-3.230696106E1,1.647499089E2
4.950000000E0,1.575194244E2,3.586674881E1,-3.230696106E1,1.647499089E2
4.960000000E0,1.575194244E2,3.586674881E1,-3.230696106E1,1.647499089E2
4.970000000E0,1.575194244E2,3.586674881E1,-3.230696106E1,1.647499089E2
4.980000000E0,1.575194244E2,3.586674881E1,-3.230696106E1,1.647499089E2
4.990000000E0,1.570610962E2,3.496788406E1,-3.184400940E1,1.640273812E2
5.000000000E0,1.584154053E2,3.573107529E1,-3.322303772E1,1.657586215E2
5.010000000E0,1.584472046E2,3.870557785E1,-3.323802185E1,1.664584167E2
5.020000000E0,1.576543884E2,3.570910263E1,-3.396244812E1,1.651771597E2
5.030000000E0,1.572111053E2,3.585463333E1,-3.305375671E1,1.646008421E2
5.040000000E0,1.582763672E2,3.647475815E1,-3.277330017E1,1.656982366E2
5.050000000E0,1.597807312E2,3.679838943E1,-3.370146179E1,1.673911349E2
5.060000000E0,1.582562714E2,3.483655930E1,-3.306571960E1,1.653843254E2
5.070000000E0,1.581037292E2,3.601085281E1,-3.472303772E1,1.658290085E2
5.080000000E0,1.590262299E2,3.678196335E1,-3.368916321E1,1.666649763E2
5.090000000E0,1.572234192E2,3.615985489E1,-3.200285339E1,1.644716428E2
5.100000000E0,1.587249908E2,3.707062149E1,-3.398640442E1,1.665020402E2
5.110000000E0,1.576561432E2,3.526847458E1,-3.320848083E1,1.649306763E2
5.120000000E0,1.585652924E2,3.588086319E1,-3.352693176E1,1.659953115E2
5.130000000E0,1.558464813E2,3.581950760E1,-3.378334045E1,1.634395208E2
5.140000000E0,1.584023590E2,3.571997452E1,-3.472648621E1,1.660516569E2
5.150000000E0,1.587400818E2,3.678871536E1,-3.188008118E1,1.660366307E2
5.160000000E0,1.587261810E2,3.633476639E1,-3.293025208E1,1.661283158E2
5.170000000E0,1.590371094E2,3.634910965E1,-3.188276672E1,1.662244589E2
5.180000000E0,1.584295502E2,3.765895462E1,-3.398451233E1,1.663522357E2
5.190000000E0,1.578087463E2,3.615745163E1,-3.411750793E1,1.654538186E2
5.200000000E0,1.591976776E2,3.798171616E1,-3.279554749E1,1.669193196E2
5.210000000E0,1.575363464E2,3.720750046E1,-3.201301575E1,1.650058536E2
5.220000000E0,1.567579498E2,3.628651810E1,-3.365000916E1,1.643839692E2
5.230000000E0,1.578258362E2,3.690884781E1,-3.306883240E1,1.654231099E2
5.240000000E0,1.573550262E2,3.629410172E1,-3.441157532E1,1.651121516E2
5.250000000E0,1.578290100E2,3.720630264E1,-3.307035828E1,1.654930632E2
5.260000000E0,1.572183228E2,3.689237595E1,-3.351005554E1,1.649289915E2
5.270000000E0,1.582737732E2,3.647253799E1,-3.307395935E1,1.657550002E2
5.280000000E0,1.582659760E2,3.513955307E1,-3.231550598E1,1.653094046E2
5.290000000E0,1.570597534E2,3.629308701E1,-3.365492249E1,1.646742485E2
5.300000000E0,1.585716553E2,3.647577286E1,-3.352995300E1,1.661316033E2
5.310000000E0,1.566028137E2,3.745859146E1,-3.560801697E1,1.649106370E2
5.320000000E0,1.578244019E2,3.617077255E1,-3.231336975E1,1.651091169E2
5.330000000E0,1.588807068E2,3.619376755E1,-3.233058167E1,1.661274640E2
5.340000000E0,1.581174011E2,3.499087906E1,-3.186125183E1,1.650473069E2
5.350000000E0,1.587196503E2,3.632921982E1,-3.368199158E1,1.662715133E2
5.360000000E0,1.573793793E2,3.675693130E1,-3.215864563E1,1.647832501E2
5.370000000E0,1.588838959E2,3.649122238E1,-3.233207703E1,1.661958630E2
5.380000000E0,1.582646332E2,3.646476364E1,-3.412638855E1,1.659577763E2
5.390000000E0,1.582961884E2,3.796533585E1,-3.232975769E1,1.659646444E2
5.400000000E0,1.581376648E2,3.603971481E1,-3.081410217E1,1.650935824E2
5.410000000E0,1.569124908E2,3.614551163E1,-3.305033875E1,1.643786868E2
5.420000000E0,1.576607361E2,3.630400467E1,-3.396543884E1,1.653134583E2
5.430000000E0,1.575220337E2,3.586896896E1,-3.200627136E1,1.646941876E2
5.440000000E0,1.570625305E2,3.570595169E1,-3.259950256E1,1.643358788E2
5.450000000E0,1.570710449E2,3.674480820E1,-3.290544128E1,1.646337212E2
5.460000000E0,1.576700439E2,3.572242355E1,-3.215830994E1,1.648335257E2
5.470000000E0,1.570507812E2,3.569596481E1,-3.395262146E1,1.645962645E2
5.480000000E0,1.596275024E2,3.694049454E1,-3.415077209E1,1.673673054E2
5.490000000E0,1.573823853E2,3.764372635E1,-3.291487122E1,1.651352599E2
5.500000000E0,1.561676941E2,3.643209457E1,-3.228779602E1,1.635791795E2
5.510000000E0,1.585757294E2,3.588974380E1,-3.232417297E1,1.657684765E2
5.520000000E0,1.581199646E2,3.631940842E1,-3.322111511E1,1.656039405E2
5.530000000E0,1.591761475E2,3.560544205E1,-3.233250427E1,1.662834455E2
5.540000000E0,1.578275909E2,3.646822739E1,-3.231486511E1,1.651778756E2
5.550000000E0,1.569039612E2,3.510665512E1,-3.274440002E1,1.640838993E2
5.560000000E0,1.581324463E2,3.603527451E1,-3.141548157E1,1.652009203E2
5.570000000E0,1.582746277E2,3.691537094E1,-3.352726746E1,1.659448102E2
5.580000000E0,1.582608795E2,3.587207413E1,-3.382270813E1,1.657627439E2
5.590000000E0,1.567639160E2,3.599682999E1,-3.259608459E1,1.641133811E2
5.600000000E0,1.590099182E2,3.441012192E1,-3.262474060E1,1.659294557E2
5.610000000E0,1.571999817E2,3.481356430E1,-3.304850769E1,1.643655145E2
5.620000000E0,1.578236694E2,3.646490097E1,-3.276591492E1,1.652622305E2
5.630000000E0,1.568974457E2,3.510110092E1,-3.349613953E1,1.642281557E2
5.640000000E0,1.576536560E2,3.600321579E1,-3.441499329E1,1.653339002E2
5.650000000E0,1.587438354E2,3.738138962E1,-3.218379211E1,1.662310743E2
5.660000000E0,1.584146729E2,3.602519608E1,-3.367558289E1,1.659128332E2
5.670000000E0,1.570579987E2,3.673370743E1,-3.440888977E1,1.649258982E2
5.680000000E0,1.571960602E2,3.481023026E1,-3.349955750E1,1.644523451E2
5.690000000E0,1.569087372E2,3.555283737E1,-3.274665833E1,1.641849557E2
5.700000000E0,1.575062103E2,3.644501114E1,-3.456510925E1,1.653214805E2
5.710000000E0,1.578141327E2,3.557255173E1,-3.276142883E1,1.650576206E2
5.720000000E0,1.571986237E2,3.613876724E1,-3.485939026E1,1.650230131E2
5.730000000E0,1.582785339E2,3.691870499E1,-3.307621765E1,1.658587389E2
5.740000000E0,1.575188599E2,3.557152939E1,-3.200477600E1,1.646263363E2
5.750000000E0,1.566086884E2,3.510563278E1,-3.198774719E1,1.636517727E2
5.760000000E0,1.584269867E2,3.633041763E1,-3.262464905E1,1.657811120E2
5.770000000E0,1.587321320E2,3.604508591E1,-3.187632751E1,1.658651205E2
5.780000000E0,1.587216492E2,3.736251450E1,-3.473963928E1,1.667194108E2
5.790000000E0,1.576726532E2,3.572464371E1,-3.185762024E1,1.647781044E2
5.800000000E0,1.573746033E2,3.631075668E1,-3.215638733E1,1.646792945E2
5.810000000E0,1.573706818E2,3.630742264E1,-3.260740662E1,1.647634771E2
5.820000000E0,1.581499329E2,3.767125320E1,-3.142372131E1,1.655837397E2
5.830000000E0,1.572103729E2,3.614875412E1,-3.350630188E1,1.647558984E2
5.840000000E0,1.573728485E2,3.675137711E1,-3.291038513E1,1.649241359E2
5.850000000E0,1.581050873E2,3.468564987E1,-3.291218567E1,1.651772530E2
5.860000000E0,1.597910004E2,3.739661026E1,-3.325340271E1,1.674438982E2
5.870000000E0,1.582628784E2,3.690538406E1,-3.488035583E1,1.662100637E2
5.880000000E0,1.576811829E2,3.676350021E1,-3.216355896E1,1.650739377E2
5.890000000E0,1.576652832E2,3.527624893E1,-3.215608215E1,1.647324160E2
5.900000000E0,1.587244263E2,3.677539444E1,-3.368424988E1,1.663745829E2
5.910000000E0,1.576504669E2,3.570576859E1,-3.441349792E1,1.652660294E2
5.920000000E0,1.575257874E2,3.646165848E1,-3.230995178E1,1.648871105E2
5.930000000E0,1.591839294E2,3.693841171E1,-3.309098816E1,1.667302706E2
5.940000000E0,1.593056030E2,3.529573441E1,-3.443830872E1,1.667634886E2
5.950000000E0,1.575160828E2,3.615865707E1,-3.306016541E1,1.649598113E2
5.960000000E0,1.570519714E2,3.496010971E1,-3.289646912E1,1.642245678E2
5.970000000E0,1.582659760E2,3.513955307E1,-3.231550598E1,1.653094046E2
5.980000000E0,1.581023102E2,3.527278519E1,-3.396757507E1,1.655122534E2
5.990000000E0,1.582582703E2,3.586985397E1,-3.412336731E1,1.658213820E2
6.000000000E0,1.585658569E2,3.617609787E1,-3.382911682E1,1.661211913E2
6.010000000E0,1.570662842E2,3.629863358E1,-3.290321350E1,1.645297234E2
6.020000000E0,1.587326965E2,3.634032059E1,-3.217854309E1,1.659883926E2
6.030000000E0,1.575218811E2,3.645833206E1,-3.276100159E1,1.649716225E2
6.040000000E0,1.588678284E2,3.559332657E1,-3.307929993E1,1.661328139E2
6.050000000E0,1.578238373E2,3.587553787E1,-3.201118469E1,1.649852532E2
6.060000000E0,1.576772614E2,3.676016617E1,-3.261457825E1,1.651579222E2
6.070000000E0,1.573797760E2,3.764150620E1,-3.321556091E1,1.651924646E2
6.080000000E0,1.582791443E2,3.588761520E1,-3.171784973E1,1.653669569E2
6.090000000E0,1.576667023E2,3.601431656E1,-3.291154480E1,1.650423878E2
6.100000000E0,1.570539551E2,3.599341202E1,-3.395411682E1,1.646643634E2
6.110000000E0,1.587138672E2,3.602954483E1,-3.398115540E1,1.662616572E2
6.120000000E0,1.580959473E2,3.467788315E1,-3.396458435E1,1.653797966E2
6.130000000E0,1.584309082E2,3.633375168E1,-3.217362976E1,1.656974250E2
6.140000000E0,1.587261810E2,3.633476639E1,-3.293025208E1,1.661283158E2
6.150000000E0,1.567521667E2,3.598684311E1,-3.394917297E1,1.643740886E2
6.160000000E0,1.572057648E2,3.511323166E1,-3.274931335E1,1.643749039E2
6.170000000E0,1.590247955E2,3.604388046E1,-3.293367004E1,1.663510551E2
6.180000000E0,1.582620697E2,3.513622665E1,-3.276655579E1,1.653937251E2
6.190000000E0,1.575135193E2,3.483012009E1,-3.170030212E1,1.644036349E2
6.200000000E0,1.576855469E2,3.632509232E1,-3.110887146E1,1.647786573E2
6.210000000E0,1.581082764E2,3.498310471E1,-3.291368103E1,1.652433208E2
6.220000000E0,1.581370544E2,3.707080460E1,-3.217243958E1,1.655797041E2
6.230000000E0,1.576522217E2,3.526514816E1,-3.365953064E1,1.650176284E2
6.240000000E0,1.572312012E2,3.749283218E1,-3.276133728E1,1.649262511E2
6.250000000E0,1.578198853E2,3.719852829E1,-3.412275696E1,1.656961352E2
6.260000000E0,1.582542725E2,3.380324936E1,-3.200807190E1,1.649593619E2
6.270000000E0,1.570805969E2,3.763715744E1,-3.290995789E1,1.648451846E2
6.280000000E0,1.582763672E2,3.647475815E1,-3.277330017E1,1.656982366E2
6.290000000E0,1.576555786E2,3.497324753E1,-3.290629578E1,1.648066558E2
6.300000000E0,1.580926056E2,3.496978378E1,-3.471778870E1,1.655943313E2
6.310000000E0,1.571901093E2,3.509991074E1,-3.455345154E1,1.647260611E2
6.320000000E0,1.575363464E2,3.720750046E1,-3.201301575E1,1.650058536E2
6.330000000E0,1.575160828E2,3.615865707E1,-3.306016541E1,1.649598113E2
6.340000000E0,1.582771149E2,3.618062973E1,-3.232075500E1,1.655455051E2
6.350000000E0,1.585815125E2,3.618941879E1,-3.202497864E1,1.657810887E2
6.360000000E0,1.576561432E2,3.526847458E1,-3.320848083E1,1.649306763E2
6.370000000E0,1.584356689E2,3.677992630E1,-3.217585754E1,1.658008142E2
6.380000000E0,1.588768005E2,3.619044113E1,-3.278163147E1,1.662113749E2
6.390000000E0,1.566035919E2,3.583815384E1,-3.349494934E1,1.641065809E2
6.400000000E0,1.585755615E2,3.647910690E1,-3.307890320E1,1.660456196E2
6.410000000E0,1.593351135E2,3.708931351E1,-3.324452209E1,1.669385930E2
6.420000000E0,1.578180542E2,3.557587814E1,-3.231037903E1,1.649731552E2
6.430000000E0,1.576744843E2,3.734729385E1,-3.367002869E1,1.654984416E2
6.440000000E0,1.578439331E2,3.751373672E1,-3.171873474E1,1.653120256E2
6.450000000E0,1.578316193E2,3.720852280E1,-3.276966858E1,1.654362276E2
6.460000000E0,1.575148926E2,3.689450455E1,-3.411631775E1,1.653362301E2
6.470000000E0,1.582529297E2,3.512845230E1,-3.381895447E1,1.655950470E2
6.480000000E0,1.587261810E2,3.633476639E1,-3.293025208E1,1.661283158E2
6.490000000E0,1.575162506E2,3.556930923E1,-3.230543518E1,1.646820759E2
6.500000000E0,1.575162506E2,3.556930923E1,-3.230543518E1,1.646820759E2
6.510000000E0,1.575162506E2,3.556930923E1,-3.230543518E1,1.646820759E2
6.520000000E0,1.575162506E2,3.556930923E1,-3.230543518E1,1.646820759E2
6.530000000E0,1.575162506E2,3.556930923E1,-3.230543518E1,1.646820759E2
6.540000000E0,1.560002747E2,3.597263718E1,-3.363621521E1,1.635894596E2
6.550000000E0,1.575063782E2,3.585564804E1,-3.381040955E1,1.650364519E2
6.560000000E0,1.575155182E2,3.586342239E1,-3.275801086E1,1.648344952E2
6.570000000E0,1.575101318E2,3.644833755E1,-3.411408997E1,1.652322428E2
6.580000000E0,1.578316193E2,3.720852280E1,-3.276966858E1,1.654362276E2
6.590000000E0,1.576790161E2,3.631954575E1,-3.186061096E1,1.649147660E2
6.600000000E0,1.584277191E2,3.603629684E1,-3.217213440E1,1.656291131E2
6.610000000E0,1.581205750E2,3.528832626E1,-3.186274719E1,1.651139511E2
6.620000000E0,1.585549011E2,3.454567337E1,-3.306913757E1,1.656098671E2
6.630000000E0,1.587367401E2,3.708060837E1,-3.263331604E1,1.662445713E2
6.640000000E0,1.576640930E2,3.601209641E1,-3.321223450E1,1.650996361E2
6.650000000E0,1.572014008E2,3.555163956E1,-3.380397034E1,1.646781949E2
6.660000000E0,1.566043243E2,3.554404831E1,-3.304240417E1,1.639514997E2
6.670000000E0,1.581331329E2,3.706747055E1,-3.262345886E1,1.656634395E2
6.680000000E0,1.569126587E2,3.555616379E1,-3.229560852E1,1.641000596E2
6.690000000E0,1.576698761E2,3.631177139E1,-3.291304016E1,1.651108803E2
6.700000000E0,1.582802887E2,3.647808456E1,-3.232225037E1,1.656140945E2
6.710000000E0,1.572135468E2,3.644620895E1,-3.350779724E1,1.648247491E2
6.720000000E0,1.569156647E2,3.644296646E1,-3.305183411E1,1.644476797E2
6.730000000E0,1.575153503E2,3.645277786E1,-3.351271057E1,1.651150883E2
6.740000000E0,1.585594940E2,3.558120346E1,-3.382612610E1,1.659859693E2
6.750000000E0,1.578328094E2,3.647266769E1,-3.171348572E1,1.650672481E2
6.760000000E0,1.573518524E2,3.599664688E1,-3.441007996E1,1.650436841E2
6.770000000E0,1.573589478E2,3.629743576E1,-3.396052551E1,1.650232092E2
6.780000000E0,1.590521545E2,3.739350510E1,-3.143699646E1,1.663855367E2
6.790000000E0,1.587261810E2,3.633476639E1,-3.293025208E1,1.661283158E2
6.800000000E0,1.578244019E2,3.617077255E1,-3.231336975E1,1.651091169E2
6.810000000E0,1.570533905E2,3.569818497E1,-3.365193176E1,1.645374741E2
6.820000000E0,1.581199646E2,3.631940842E1,-3.322111511E1,1.656039405E2
6.830000000E0,1.587287903E2,3.633698654E1,-3.262956238E1,1.660719537E2
6.840000000E0,1.588853149E2,3.722929764E1,-3.308757019E1,1.665093127E2
6.850000000E0,1.588944550E2,3.723706436E1,-3.203517151E1,1.663138569E2
6.860000000E0,1.573754578E2,3.675359726E1,-3.260966492E1,1.648673766E2
6.870000000E0,1.590214539E2,3.633578873E1,-3.368690491E1,1.665620602E2
6.880000000E0,1.570710449E2,3.674480820E1,-3.290544128E1,1.646337212E2
6.890000000E0,1.570645294E2,3.673926163E1,-3.365718079E1,1.647781708E2
6.900000000E0,1.581311035E2,3.736047745E1,-3.322636414E1,1.658470453E2
6.910000000E0,1.581351318E2,3.810078049E1,-3.368113708E1,1.661108316E2
6.920000000E0,1.578296204E2,3.617521286E1,-3.171199036E1,1.649984407E2
6.930000000E0,1.578258362E2,3.690884781E1,-3.306883240E1,1.654231099E2
6.940000000E0,1.588566895E2,3.455224228E1,-3.307405090E1,1.659011696E2
6.950000000E0,1.593232574E2,3.634236526E1,-3.369181824E1,1.668526490E2
6.960000000E0,1.575153503E2,3.645277786E1,-3.351271057E1,1.651150883E2
6.970000000E0,1.582660522E2,3.720283890E1,-3.488185120E1,1.662796983E2
6.980000000E0,1.575233002E2,3.719639969E1,-3.351646423E1,1.652891879E2
6.990000000E0,1.576672668E2,3.630955124E1,-3.321372986E1,1.651681034E2
7.000000000E0,1.558593597E2,3.641997147E1,-3.303462219E1,1.634314554E2
7.010000000E0,1.590353546E2,3.678973007E1,-3.263673401E1,1.664658664E2
7.020000000E0,1.573786316E2,3.705104446E1,-3.261116028E1,1.649372649E2
7.030000000E0,1.588708344E2,3.648012161E1,-3.383552551E1,1.664799810E2
7.040000000E0,1.584269867E2,3.633041763E1,-3.262464905E1,1.657811120E2
7.050000000E0,1.578107910E2,3.586443710E1,-3.351463318E1,1.652686729E2
7.060000000E0,1.573695068E2,3.704327774E1,-3.366358948E1,1.651381342E2
7.070000000E0,1.581160583E2,3.631608200E1,-3.367216492E1,1.656905562E2
7.080000000E0,1.567593842E2,3.702458572E1,-3.440547180E1,1.647059834E2
7.090000000E0,1.573648987E2,3.600774765E1,-3.290663147E1,1.647516787E2
7.100000000E0,1.574028168E2,3.810322189E1,-3.111296082E1,1.649106382E2
7.110000000E0,1.570643616E2,3.732860184E1,-3.441191101E1,1.650661013E2
7.120000000E0,1.590259857E2,3.530803299E1,-3.187748718E1,1.659882391E2
7.130000000E0,1.581128693E2,3.601862717E1,-3.367063904E1,1.656222596E2
7.140000000E0,1.584108734E2,3.675883102E1,-3.503242493E1,1.663504953E2
7.150000000E0,1.587295227E2,3.604286575E1,-3.217704773E1,1.659201975E2
7.160000000E0,1.581213989E2,3.705748367E1,-3.397657776E1,1.659217940E2
7.170000000E0,1.578180542E2,3.557587814E1,-3.231037903E1,1.649731552E2
7.180000000E0,1.581199646E2,3.631940842E1,-3.322111511E1,1.656039405E2
7.190000000E0,1.575095520E2,3.615310287E1,-3.381190491E1,1.651046660E2
7.200000000E0,1.573648987E2,3.600774765E1,-3.290663147E1,1.647516787E2
7.210000000E0,1.576746521E2,3.675794601E1,-3.291529846E1,1.652145859E2
7.220000000E0,1.575121765E2,3.615532303E1,-3.351121521E1,1.650463410E2
7.230000000E0,1.581364899E2,3.677557755E1,-3.187025452E1,1.654548448E2
7.240000000E0,1.558438721E2,3.581728745E1,-3.408403015E1,1.634989653E2
7.250000000E0,1.575233002E2,3.719639969E1,-3.351646423E1,1.652891879E2
7.260000000E0,1.573792114E2,3.734627151E1,-3.291337585E1,1.650643829E2
7.270000000E0,1.572031555E2,3.511101151E1,-3.305000305E1,1.644321074E2
7.280000000E0,1.578139648E2,3.616189194E1,-3.351612854E1,1.653368102E2
7.290000000E0,1.569022064E2,3.554728317E1,-3.349836731E1,1.643290976E2
7.300000000E0,1.582620697E2,3.513622665E1,-3.276655579E1,1.653937251E2
7.310000000E0,1.585535431E2,3.587087631E1,-3.488002014E1,1.662605233E2
7.320000000E0,1.581134491E2,3.631386185E1,-3.397282410E1,1.657489431E2
7.330000000E0,1.584152374E2,3.632043076E1,-3.397773743E1,1.660392959E2
7.340000000E0,1.575129089E2,3.586120224E1,-3.305867004E1,1.648915340E2
7.350000000E0,1.570742340E2,3.704225540E1,-3.290696716E1,1.647037102E2
7.360000000E0,1.572239838E2,3.645508957E1,-3.230503845E1,1.645963855E2
7.370000000E0,1.591545715E2,3.455547714E1,-3.353004456E1,1.662784488E2
7.380000000E0,1.572424927E2,3.794456100E1,-3.201185608E1,1.648931477E2
7.390000000E0,1.572403412E2,3.750059891E1,-3.170887756E1,1.647309101E2
7.400000000E0,1.573740387E2,3.601552200E1,-3.185420227E1,1.645551460E2
7.410000000E0,1.572071838E2,3.585129929E1,-3.350480652E1,1.646875416E2
7.420000000E0,1.573375397E2,3.465812302E1,-3.440333557E1,1.647418477E2
7.430000000E0,1.587164764E2,3.603176498E1,-3.368049622E1,1.662034410E2
7.440000000E0,1.582668304E2,3.558240891E1,-3.276878357E1,1.654940803E2
7.450000000E0,1.581162109E2,3.572672653E1,-3.291743469E1,1.654106788E2
7.460000000E0,1.575331726E2,3.691004562E1,-3.201152039E1,1.649357129E2
7.470000000E0,1.573622894E2,3.600552750E1,-3.320729065E1,1.648090176E2
7.480000000E0,1.578061829E2,3.482892227E1,-3.275767517E1,1.648906015E2
7.490000000E0,1.570710449E2,3.674480820E1,-3.290544128E1,1.646337212E2
7.500000000E0,1.588865051E2,3.649344254E1,-3.203141785E1,1.661406169E2
7.510000000E0,1.569151001E2,3.614773178E1,-3.274964905E1,1.643214735E2
7.520000000E0,1.581363220E2,3.736491776E1,-3.262495422E1,1.657335846E2
7.530000000E0,1.578113556E2,3.615967178E1,-3.381681824E1,1.653950514E2
7.540000000E0,1.575148926E2,3.689450455E1,-3.411631775E1,1.653362301E2
7.550000000E0,1.585660248E2,3.558675766E1,-3.307438660E1,1.658418421E2
7.560000000E0,1.573643341E2,3.571252060E1,-3.260441589E1,1.646267466E2
7.570000000E0,1.578284454E2,3.691106796E1,-3.276817322E1,1.653662550E2
7.580000000E0,1.563191528E2,3.673060226E1,-3.259245300E1,1.638507939E2
7.590000000E0,1.576804352E2,3.705761337E1,-3.261607361E1,1.652277053E2
7.600000000E0,1.578316193E2,3.720852280E1,-3.276966858E1,1.654362276E2
7.610000000E0,1.587242584E2,3.736473465E1,-3.443898010E1,1.666600041E2
7.620000000E0,1.585829468E2,3.692749405E1,-3.278047180E1,1.660925951E2
7.630000000E0,1.560121307E2,3.671959305E1,-3.318891907E1,1.636753427E2
7.640000000E0,1.582575378E2,3.616398239E1,-3.457591248E1,1.659782384E2
7.650000000E0,1.578296204E2,3.617521286E1,-3.171199036E1,1.649984407E2
7.660000000E0,1.584206238E2,3.573551559E1,-3.262162781E1,1.656450775E2
7.670000000E0,1.576724854E2,3.631399155E1,-3.261235046E1,1.650541851E2
7.680000000E0,1.584269867E2,3.633041763E1,-3.262464905E1,1.657811120E2
7.690000000E0,1.588591309E2,3.514381027E1,-3.352812195E1,1.661187702E2
7.700000000E0,1.567823029E2,3.674934006E1,-3.139707947E1,1.640639542E2
7.710000000E0,1.570727997E2,3.630418777E1,-3.215147400E1,1.643884903E2
7.720000000E0,1.569184418E2,3.585582352E1,-3.199644470E1,1.641121870E2
7.730000000E0,1.585690460E2,3.647355270E1,-3.383061218E1,1.661895686E2
7.740000000E0,1.585704651E2,3.721162796E1,-3.458610535E1,1.665097485E2
7.750000000E0,1.581096954E2,3.572117996E1,-3.366914368E1,1.655544917E2
7.760000000E0,1.576543884E2,3.570910263E1,-3.396244812E1,1.651771597E2
7.770000000E0,1.572135468E2,3.644620895E1,-3.350779724E1,1.648247491E2
7.780000000E0,1.570577545E2,3.525977707E1,-3.259724426E1,1.642344984E2
7.790000000E0,1.576724854E2,3.631399155E1,-3.261235046E1,1.650541851E2
7.800000000E0,1.578067627E2,3.512414932E1,-3.305982971E1,1.650140375E2
7.810000000E0,1.581179810E2,3.528610611E1,-3.216343689E1,1.651692824E2
7.820000000E0,1.570684357E2,3.674258804E1,-3.320613098E1,1.646910999E2
7.830000000E0,1.575115509E2,3.718641281E1,-3.486955261E1,1.655554399E2
7.840000000E0,1.578304443E2,3.794437790E1,-3.382582092E1,1.658143876E2
7.850000000E0,1.578119354E2,3.645490646E1,-3.411900330E1,1.655224261E2
7.860000000E0,1.573622894E2,3.600552750E1,-3.320729065E1,1.648090176E2
7.870000000E0,1.590292358E2,3.766875839E1,-3.444538879E1,1.670201126E2
7.880000000E0,1.567618713E2,3.628984451E1,-3.319895935E1,1.642967073E2
7.890000000E0,1.569061279E2,3.555061722E1,-3.304734802E1,1.642422192E2
7.900000000E0,1.569117432E2,3.643963242E1,-3.350288391E1,1.645344498E2
7.910000000E0,1.591759796E2,3.619478989E1,-3.308723450E1,1.665587596E2
7.920000000E0,1.573728485E2,3.675137711E1,-3.291038513E1,1.649241359E2
7.930000000E0,1.584258118E2,3.706627274E1,-3.368083191E1,1.661536784E2
7.940000000E0,1.569230499E2,3.689135361E1,-3.275340271E1,1.644949876E2
7.950000000E0,1.581095276E2,3.631052780E1,-3.442387390E1,1.658375116E2
7.960000000E0,1.584263763E2,3.736149979E1,-3.398298645E1,1.662818143E2
7.970000000E0,1.573858948E2,3.676247787E1,-3.140693665E1,1.646456660E2
7.980000000E0,1.578349609E2,3.691661453E1,-3.201643372E1,1.652264003E2
7.990000000E0,1.572280273E2,3.719538498E1,-3.275981140E1,1.648555564E2
8.000000000E0,1.584258118E2,3.706627274E1,-3.368083191E1,1.661536784E2
8.010000000E0,1.574978638E2,3.481679916E1,-3.350447083E1,1.647432431E2
8.020000000E0,1.591728058E2,3.589733505E1,-3.308573914E1,1.664910415E2
8.030000000E0,1.585738068E2,3.691971970E1,-3.383287048E1,1.662930576E2
8.040000000E0,1.578238373E2,3.587553787E1,-3.201118469E1,1.649852532E2
8.050000000E0,1.566230011E2,3.644416428E1,-3.199452209E1,1.639591139E2
8.060000000E0,1.566230011E2,3.644416428E1,-3.199452209E1,1.639591139E2
8.070000000E0,1.566230011E2,3.644416428E1,-3.199452209E1,1.639591139E2
8.080000000E0,1.566230011E2,3.644416428E1,-3.199452209E1,1.639591139E2
8.090000000E0,1.567507324E2,3.524876785E1,-3.319371033E1,1.640581914E2
8.100000000E0,1.581317139E2,3.632940292E1,-3.186799622E1,1.653512432E2
8.110000000E0,1.582674103E2,3.587762833E1,-3.307096863E1,1.656184360E2
8.120000000E0,1.576867981E2,3.765251541E1,-3.261909485E1,1.653688107E2
8.130000000E0,1.584113312E2,3.631709671E1,-3.442878723E1,1.661277302E2
8.140000000E0,1.581253510E2,3.573450089E1,-3.186500549E1,1.652148896E2
8.150000000E0,1.593168945E2,3.574746323E1,-3.368882751E1,1.667173989E2
8.160000000E0,1.573637085E2,3.674361038E1,-3.396278381E1,1.651269219E2
8.170000000E0,1.587361298E2,3.811169815E1,-3.399165344E1,1.667485920E2
8.180000000E0,1.587353210E2,3.634254074E1,-3.187782288E1,1.659333541E2
8.190000000E0,1.567607269E2,3.569938278E1,-3.259458923E1,1.640450508E2
8.200000000E0,1.587309570E2,3.678094101E1,-3.293251038E1,1.662314789E2
8.210000000E0,1.585658569E2,3.617609787E1,-3.382911682E1,1.661211913E2
8.220000000E0,1.573667297E2,3.763040543E1,-3.471900940E1,1.654863881E2
8.230000000E0,1.570710449E2,3.674480820E1,-3.290544128E1,1.646337212E2
8.240000000E0,1.576836243E2,3.735506058E1,-3.261759949E1,1.652980148E2
8.250000000E0,1.581134491E2,3.631386185E1,-3.397282410E1,1.657489431E2
8.260000000E0,1.584049683E2,3.572219467E1,-3.442579651E1,1.659920017E2
8.270000000E0,1.581116943E2,3.675448227E1,-3.472679138E1,1.660004515E2
8.280000000E0,1.585749969E2,3.618387222E1,-3.277671814E1,1.659205096E2
8.290000000E0,1.576672668E2,3.630955124E1,-3.321372986E1,1.651681034E2
8.300000000E0,1.585875549E2,3.796302414E1,-3.353742981E1,1.664811190E2
8.310000000E0,1.572122955E2,3.511877823E1,-3.199760437E1,1.642342264E2
8.320000000E0,1.578284454E2,3.691106796E1,-3.276817322E1,1.653662550E2
8.330000000E0,1.582731934E2,3.617730331E1,-3.277180481E1,1.656296839E2
8.340000000E0,1.572144470E2,3.556274033E1,-3.230052185E1,1.643910416E2
8.350000000E0,1.569418793E2,3.720212173E1,-3.095075989E1,1.642336776E2
8.360000000E0,1.574894562E2,3.451490402E1,-3.410432434E1,1.647947582E2
8.370000000E0,1.597937775E2,3.680949020E1,-3.219801331E1,1.671098499E2
8.380000000E0,1.569269562E2,3.689468002E1,-3.230235291E1,1.644102460E2
8.390000000E0,1.585528107E2,3.616499710E1,-3.533256531E1,1.664190222E2
8.400000000E0,1.581114502E2,3.528055191E1,-3.291517639E1,1.653098813E2
8.410000000E0,1.575252228E2,3.616642380E1,-3.200776672E1,1.647625660E2
8.420000000E0,1.584212036E2,3.603074265E1,-3.292384338E1,1.657693326E2
8.430000000E0,1.578282776E2,3.750041580E1,-3.352290344E1,1.656497252E2
8.440000000E0,1.578270264E2,3.617299271E1,-3.201268005E1,1.650535287E2
8.450000000E0,1.598002930E2,3.681503677E1,-3.144627380E1,1.669740959E2
8.460000000E0,1.584154053E2,3.573107529E1,-3.322303772E1,1.657586215E2
8.470000000E0,1.584185944E2,3.602852249E1,-3.322453308E1,1.658263401E2
8.480000000E0,1.585725555E2,3.559230423E1,-3.232267761E1,1.657010048E2
8.490000000E0,1.578290100E2,3.720630264E1,-3.307035828E1,1.654930632E2
8.500000000E0,1.575192566E2,3.645611191E1,-3.306166077E1,1.650285966E2
8.510000000E0,1.584309082E2,3.633375168E1,-3.217362976E1,1.656974250E2
8.520000000E0,1.573668976E2,3.704105759E1,-3.396427917E1,1.651967090E2
8.530000000E0,1.565989838E2,3.480263901E1,-3.273799133E1,1.637261173E2
8.540000000E0,1.573543396E2,3.526190567E1,-3.320356750E1,1.646398101E2
8.550000000E0,1.572174683E2,3.644954300E1,-3.305674744E1,1.647381257E2
8.560000000E0,1.585621033E2,3.558342361E1,-3.352543640E1,1.659279227E2
8.570000000E0,1.585873108E2,3.648909378E1,-3.172578430E1,1.657947964E2
8.580000000E0,1.575240326E2,3.690227890E1,-3.306391907E1,1.651327399E2
8.590000000E0,1.581167908E2,3.602195358E1,-3.321958923E1,1.655356209E2
8.600000000E0,1.573648987E2,3.600774765E1,-3.290663147E1,1.647516787E2
8.610000000E0,1.582666626E2,3.617174911E1,-3.352351379E1,1.657726090E2
8.620000000E0,1.581220093E2,3.602639389E1,-3.261820984E1,1.654219408E2
8.630000000E0,1.582608795E2,3.587207413E1,-3.382270813E1,1.657627439E2
8.640000000E0,1.576655121E2,3.675017929E1,-3.396769714E1,1.654170300E2
8.650000000E0,1.566164703E2,3.643861771E1,-3.274623108E1,1.640999917E2
8.660000000E0,1.576667023E2,3.601431656E1,-3.291154480E1,1.650423878E2
8.670000000E0,1.569197083E2,3.718325424E1,-3.350663757E1,1.647090890E2
8.680000000E0,1.575051270E2,3.452822495E1,-3.230018616E1,1.644486709E2
8.690000000E0,1.578141327E2,3.557255173E1,-3.276142883E1,1.650576206E2
8.700000000E0,1.587432556E2,3.708616257E1,-3.188157654E1,1.661061094E2
8.710000000E0,1.573728485E2,3.675137711E1,-3.291038513E1,1.649241359E2
8.720000000E0,1.575218811E2,3.645833206E1,-3.276100159E1,1.649716225E2
8.730000000E0,1.573583679E2,3.600220108E1,-3.365834045E1,1.648960228E2
8.740000000E0,1.578323669E2,3.691439438E1,-3.231712341E1,1.652819562E2
8.750000000E0,1.587224274E2,3.574208450E1,-3.262657166E1,1.659361285E2
8.760000000E0,1.581160583E2,3.631608200E1,-3.367216492E1,1.656905562E2
8.770000000E0,1.576778259E2,3.705539322E1,-3.291679382E1,1.652843437E2
8.780000000E0,1.570688934E2,3.630085373E1,-3.260249329E1,1.644728301E2
8.790000000E0,1.581390533E2,3.810410690E1,-3.323011780E1,1.660244677E2
8.800000000E0,1.575337372E2,3.720528030E1,-3.231370544E1,1.650614637E2
8.810000000E0,1.584291534E2,3.677437210E1,-3.292759705E1,1.659408863E2
8.820000000E0,1.563191528E2,3.673060226E1,-3.259245300E1,1.638507939E2
8.830000000E0,1.582577057E2,3.557463455E1,-3.382121277E1,1.656952940E2
8.840000000E0,1.593135529E2,3.603935623E1,-3.444206238E1,1.669308209E2
8.850000000E0,1.561508942E2,3.582830429E1,-3.348759460E1,1.636709752E2
8.860000000E0,1.570657043E2,3.600339890E1,-3.260099792E1,1.644040914E2
8.870000000E0,1.573583679E2,3.600220108E1,-3.365834045E1,1.648960228E2
8.880000000E0,1.581324463E2,3.603527451E1,-3.141548157E1,1.652009203E2
8.890000000E0,1.587315216E2,3.707616806E1,-3.323469543E1,1.663576965E2
8.900000000E0,1.578251038E2,3.720296860E1,-3.352137756E1,1.655793073E2
8.910000000E0,1.581179810E2,3.528610611E1,-3.216343689E1,1.651692824E2
8.920000000E0,1.572103729E2,3.614875412E1,-3.350630188E1,1.647558984E2
8.930000000E0,1.587464447E2,3.738360977E1,-3.188307190E1,1.661761062E2
8.940000000E0,1.591748047E2,3.693063736E1,-3.414338684E1,1.669319061E2
8.950000000E0,1.578204956E2,3.616744614E1,-3.276441956E1,1.651935234E2
8.960000000E0,1.581331329E2,3.706747055E1,-3.262345886E1,1.656634395E2
8.970000000E0,1.584192047E2,3.499744797E1,-3.186616516E1,1.653387984E2
8.980000000E0,1.569156647E2,3.644296646E1,-3.305183411E1,1.644476797E2
8.990000000E0,1.573675079E2,3.600996780E1,-3.260591125E1,1.646948566E2
9.000000000E0,1.584309082E2,3.633375168E1,-3.217362976E1,1.656974250E2
9.010000000E0,1.593160400E2,3.530461502E1,-3.323551941E1,1.665311268E2
9.020000000E0,1.576661377E2,3.571908951E1,-3.260932922E1,1.649176543E2
9.030000000E0,1.573543396E2,3.526190567E1,-3.320356750E1,1.646398101E2
9.040000000E0,1.570493622E2,3.495788956E1,-3.319712830E1,1.642820913E2
9.050000000E0,1.576504669E2,3.570576859E1,-3.441349792E1,1.652660294E2
9.060000000E0,1.561560669E2,3.715906906E1,-3.454673767E1,1.641919326E2
9.070000000E0,1.593403320E2,3.709375381E1,-3.264314270E1,1.668258456E2
9.080000000E0,1.596398163E2,3.724572372E1,-3.309986877E1,1.672355112E2
9.090000000E0,1.571901093E2,3.509991074E1,-3.455345154E1,1.647260611E2
9.100000000E0,1.578302002E2,3.647044754E1,-3.201420593E1,1.651223032E2
9.110000000E0,1.576418304E2,3.392995071E1,-3.320173645E1,1.646345758E2
9.120000000E0,1.584310760E2,3.574439621E1,-3.141889954E1,1.654243482E2
9.130000000E0,1.584161072E2,3.676327133E1,-3.443104553E1,1.662308576E2
9.140000000E0,1.588865051E2,3.649344254E1,-3.203141785E1,1.661406169E2
9.150000000E0,1.570684357E2,3.674258804E1,-3.320613098E1,1.646910999E2
9.160000000E0,1.576640930E2,3.601209641E1,-3.321223450E1,1.650996361E2
9.170000000E0,1.585723877E2,3.618165207E1,-3.307740784E1,1.659771942E2
9.180000000E0,1.587289581E2,3.574763870E1,-3.187483215E1,1.657974087E2
9.190000000E0,1.585573425E2,3.513724136E1,-3.352317810E1,1.658278025E2
9.200000000E0,1.572208099E2,3.615763474E1,-3.230354309E1,1.645274340E2
9.210000000E0,1.585835114E2,3.722272873E1,-3.308265686E1,1.662189032E2
9.220000000E0,1.582725830E2,3.720838547E1,-3.413011169E1,1.661310898E2
9.230000000E0,1.578284454E2,3.691106796E1,-3.276817322E1,1.653662550E2
9.240000000E0,1.585781708E2,3.648132706E1,-3.277821350E1,1.659889597E2
9.250000000E0,1.584231873E2,3.706405258E1,-3.398149109E1,1.662118888E2
9.260000000E0,1.584269867E2,3.633041763E1,-3.262464905E1,1.657811120E2
9.270000000E0,1.573551941E2,3.570475388E1,-3.365684509E1,1.648280006E2
9.280000000E0,1.575186920E2,3.616087723E1,-3.275950623E1,1.649027975E2
9.290000000E0,1.575298157E2,3.720195389E1,-3.276475525E1,1.651458670E2
9.300000000E0,1.581331329E2,3.706747055E1,-3.262345886E1,1.656634395E2
9.310000000E0,1.581134491E2,3.631386185E1,-3.397282410E1,1.657489431E2
9.320000000E0,1.590216217E2,3.574643326E1,-3.293217468E1,1.662835283E2
9.330000000E0,1.569190063E2,3.615105820E1,-3.229859924E1,1.642366374E2
9.340000000E0,1.587315216E2,3.707616806E1,-3.323469543E1,1.663576965E2
9.350000000E0,1.584041138E2,3.527935410E1,-3.397248840E1,1.658029736E2
9.360000000E0,1.581305237E2,3.706525040E1,-3.292417908E1,1.657199351E2
9.370000000E0,1.588827515E2,3.590075302E1,-3.172770691E1,1.659495109E2
9.380000000E0,1.578290100E2,3.720630264E1,-3.307035828E1,1.654930632E2
9.390000000E0,1.569269562E2,3.689468002E1,-3.230235291E1,1.644102460E2
9.400000000E0,1.567507324E2,3.524876785E1,-3.319371033E1,1.640581914E2
9.410000000E0,1.584226227E2,3.676882553E1,-3.367930603E1,1.660842243E2
9.420000000E0,1.578349609E2,3.691661453E1,-3.201643372E1,1.652264003E2
9.430000000E0,1.578348083E2,3.750597000E1,-3.277116394E1,1.655067180E2
9.440000000E0,1.582582703E2,3.586985397E1,-3.412336731E1,1.658213820E2
9.450000000E0,1.572196655E2,3.556718063E1,-3.169914246E1,1.642798929E2
9.460000000E0,1.578256683E2,3.749819565E1,-3.382356262E1,1.657078443E2
9.470000000E0,1.578146973E2,3.586777115E1,-3.306358337E1,1.651822515E2
9.480000000E0,1.593208008E2,3.575078964E1,-3.323777771E1,1.666312887E2
9.490000000E0,1.576698761E2,3.631177139E1,-3.291304016E1,1.651108803E2
9.500000000E0,1.588539124E2,3.513936996E1,-3.412947083E1,1.662352597E2
9.510000000E0,1.582557068E2,3.454132462E1,-3.276353455E1,1.652616744E2
9.520000000E0,1.578419495E2,3.648043442E1,-3.066108704E1,1.648787596E2
9.530000000E0,1.584356689E2,3.677992630E1,-3.217585754E1,1.658008142E2
9.540000000E0,1.585751648E2,3.559452438E1,-3.202198792E1,1.656455878E2
9.550000000E0,1.591708832E2,3.692731094E1,-3.459443665E1,1.670202724E2
9.560000000E0,1.582725830E2,3.720838547E1,-3.413011169E1,1.661310898E2
9.570000000E0,1.576713104E2,3.704984665E1,-3.366853333E1,1.654282425E2
9.580000000E0,1.576713104E2,3.704984665E1,-3.366853333E1,1.654282425E2
9.590000000E0,1.576713104E2,3.704984665E1,-3.366853333E1,1.654282425E2
9.600000000E0,1.576713104E2,3.704984665E1,-3.366853333E1,1.654282425E2
9.610000000E0,1.576713104E2,3.704984665E1,-3.366853333E1,1.654282425E2
9.620000000E0,1.587353210E2,3.634254074E1,-3.187782288E1,1.659333541E2
9.630000000E0,1.581318817E2,3.574004745E1,-3.111326599E1,1.650790063E2
9.640000000E0,1.569091339E2,3.643741226E1,-3.380357361E1,1.645929613E2
9.650000000E0,1.587131348E2,3.632366562E1,-3.443370056E1,1.664179905E2
9.660000000E0,1.576698761E2,3.631177139E1,-3.291304016E1,1.651108803E2
9.670000000E0,1.576843567E2,3.706094742E1,-3.216508484E1,1.651437642E2
9.680000000E0,1.597910004E2,3.739661026E1,-3.325340271E1,1.674438982E2
9.690000000E0,1.575058136E2,3.556042862E1,-3.350822449E1,1.649103590E2
9.700000000E0,1.570604858E2,3.599895859E1,-3.320237732E1,1.645184461E2
9.710000000E0,1.578139648E2,3.616189194E1,-3.351612854E1,1.653368102E2
9.720000000E0,1.563100281E2,3.672283554E1,-3.364488220E1,1.640529476E2
9.730000000E0,1.576510315E2,3.600099564E1,-3.471568298E1,1.653937667E2
9.740000000E0,1.576784058E2,3.735062027E1,-3.321897888E1,1.654117560E2
9.750000000E0,1.585789185E2,3.618719864E1,-3.232566833E1,1.658364723E2
9.760000000E0,1.573857422E2,3.735182571E1,-3.216163635E1,1.649236235E2
9.770000000E0,1.576575623E2,3.600654984E1,-3.396394348E1,1.652450545E2
9.780000000E0,1.590391083E2,3.738240433E1,-3.294044495E1,1.666611983E2
9.790000000E0,1.598021240E2,3.843768692E1,-3.325865173E1,1.676911224E2
9.800000000E0,1.566108551E2,3.554959488E1,-3.229069519E1,1.638091042E2
9.810000000E0,1.585755615E2,3.647910690E1,-3.307890320E1,1.660456196E2
9.820000000E0,1.568948364E2,3.509888077E1,-3.379679871E1,1.642867759E2
9.830000000E0,1.575226135E2,3.616420364E1,-3.230845642E1,1.648182628E2
9.840000000E0,1.591785889E2,3.619701004E1,-3.278654480E1,1.665022649E2
9.850000000E0,1.575292053E2,3.823302841E1,-3.412306213E1,1.656550584E2
9.860000000E0,1.581188354E2,3.572894669E1,-3.261671448E1,1.653540862E2
9.870000000E0,1.570571442E2,3.629086685E1,-3.395561218E1,1.647329874E2
9.880000000E0,1.572239838E2,3.645508957E1,-3.230503845E1,1.645963855E2
9.890000000E0,1.578193054E2,3.690329361E1,-3.382057190E1,1.655675612E2
9.900000000E0,1.570710449E2,3.674480820E1,-3.290544128E1,1.646337212E2
9.910000000E0,1.563191528E2,3.673060226E1,-3.259245300E1,1.638507939E2
9.920000000E0,1.572294464E2,3.793346024E1,-3.351530457E1,1.651766384E2
9.930000000E0,1.570662842E2,3.629863358E1,-3.290321350E1,1.645297234E2
9.940000000E0,1.588710022E2,3.589076614E1,-3.308082581E1,1.662001308E2
